run_id,log,arm,model,step,reward,K_train,invalid,gen_len,p_model,mean_K,slope,k_at_p_lo,k_at_p_hi,p_lo,p_hi
evidential_oracle_p05_base,results/oracle/oracle_p05_base.log,evidential,Qwen/Qwen2.5-3B-Instruct,0,,,,,,0.850,+0.00,0.85,0.85,0.50,0.50
evidential_oracle_p05_base,results/oracle/oracle_p05_base.log,evidential,Qwen/Qwen2.5-3B-Instruct,1,65.94,0.73,0.00,2.0,,,,,,,
evidential_oracle_p05_base,results/oracle/oracle_p05_base.log,evidential,Qwen/Qwen2.5-3B-Instruct,20,110.00,0.00,0.00,2.0,,0.000,+0.00,0.00,0.00,0.50,0.50
evidential_oracle_p05_base,results/oracle/oracle_p05_base.log,evidential,Qwen/Qwen2.5-3B-Instruct,40,110.00,0.00,0.00,2.0,,0.000,+0.00,0.00,0.00,0.50,0.50
evidential_oracle_p05_base,results/oracle/oracle_p05_base.log,evidential,Qwen/Qwen2.5-3B-Instruct,60,110.00,0.00,0.00,2.0,,0.000,+0.00,0.00,0.00,0.50,0.50
evidential_oracle_p05_base,results/oracle/oracle_p05_base.log,evidential,Qwen/Qwen2.5-3B-Instruct,80,110.00,0.00,0.00,2.0,,0.000,+0.00,0.00,0.00,0.50,0.50
evidential_oracle_p05_base,results/oracle/oracle_p05_base.log,evidential,Qwen/Qwen2.5-3B-Instruct,100,110.00,0.00,0.00,2.0,,0.000,+0.00,0.00,0.00,0.50,0.50
evidential_oracle_p05_base,results/oracle/oracle_p05_base.log,evidential,Qwen/Qwen2.5-3B-Instruct,120,110.00,0.00,0.00,2.0,,0.000,+0.00,0.00,0.00,0.50,0.50
evidential_oracle_p0_base,results/oracle/oracle_p0_base.log,evidential,Qwen/Qwen2.5-3B-Instruct,0,,,,,,0.650,+0.00,0.65,0.65,0.00,0.00
evidential_oracle_p0_base,results/oracle/oracle_p0_base.log,evidential,Qwen/Qwen2.5-3B-Instruct,1,60.00,0.62,0.00,2.0,,,,,,,
evidential_oracle_p0_base,results/oracle/oracle_p0_base.log,evidential,Qwen/Qwen2.5-3B-Instruct,20,160.00,0.00,0.00,2.0,,0.000,+0.00,0.00,0.00,0.00,0.00
evidential_oracle_p0_base,results/oracle/oracle_p0_base.log,evidential,Qwen/Qwen2.5-3B-Instruct,40,160.00,0.00,0.00,2.0,,0.000,+0.00,0.00,0.00,0.00,0.00
evidential_oracle_p0_base,results/oracle/oracle_p0_base.log,evidential,Qwen/Qwen2.5-3B-Instruct,60,160.00,0.00,0.00,2.0,,0.000,+0.00,0.00,0.00,0.00,0.00
evidential_oracle_p0_base,results/oracle/oracle_p0_base.log,evidential,Qwen/Qwen2.5-3B-Instruct,80,160.00,0.00,0.00,2.0,,0.000,+0.00,0.00,0.00,0.00,0.00
evidential_oracle_p0_base,results/oracle/oracle_p0_base.log,evidential,Qwen/Qwen2.5-3B-Instruct,100,160.00,0.00,0.00,2.0,,0.000,+0.00,0.00,0.00,0.00,0.00
evidential_oracle_p0_base,results/oracle/oracle_p0_base.log,evidential,Qwen/Qwen2.5-3B-Instruct,120,160.00,0.00,0.00,2.0,,0.000,+0.00,0.00,0.00,0.00,0.00
evidential_oracle_p1_base,results/oracle/oracle_p1_base.log,evidential,Qwen/Qwen2.5-3B-Instruct,0,,,,,,1.000,+0.00,1.00,1.00,1.00,1.00
evidential_oracle_p1_base,results/oracle/oracle_p1_base.log,evidential,Qwen/Qwen2.5-3B-Instruct,1,95.00,0.88,0.00,2.0,,,,,,,
evidential_oracle_p1_base,results/oracle/oracle_p1_base.log,evidential,Qwen/Qwen2.5-3B-Instruct,20,100.00,1.00,0.00,2.0,,1.000,+0.00,1.00,1.00,1.00,1.00
evidential_oracle_p1_base,results/oracle/oracle_p1_base.log,evidential,Qwen/Qwen2.5-3B-Instruct,40,100.00,1.00,0.00,2.0,,1.000,+0.00,1.00,1.00,1.00,1.00
evidential_oracle_p1_base,results/oracle/oracle_p1_base.log,evidential,Qwen/Qwen2.5-3B-Instruct,60,100.00,1.00,0.00,2.0,,1.000,+0.00,1.00,1.00,1.00,1.00
evidential_oracle_p1_base,results/oracle/oracle_p1_base.log,evidential,Qwen/Qwen2.5-3B-Instruct,80,100.00,1.00,0.00,2.0,,1.000,+0.00,1.00,1.00,1.00,1.00
evidential_oracle_p1_base,results/oracle/oracle_p1_base.log,evidential,Qwen/Qwen2.5-3B-Instruct,100,100.00,1.00,0.00,2.0,,1.000,+0.00,1.00,1.00,1.00,1.00
evidential_oracle_p1_base,results/oracle/oracle_p1_base.log,evidential,Qwen/Qwen2.5-3B-Instruct,120,100.00,1.00,0.00,2.0,,1.000,+0.00,1.00,1.00,1.00,1.00
evidential_oracle_p1_causal,results/oracle/oracle_p1_causal.log,evidential,Qwen/Qwen2.5-3B-Instruct,0,,,,,,0.000,+0.00,0.00,0.00,1.00,1.00
evidential_oracle_p1_causal,results/oracle/oracle_p1_causal.log,evidential,Qwen/Qwen2.5-3B-Instruct,1,60.00,0.00,0.00,2.0,,,,,,,
evidential_oracle_p1_causal,results/oracle/oracle_p1_causal.log,evidential,Qwen/Qwen2.5-3B-Instruct,20,90.00,0.75,0.00,2.0,,0.750,+0.00,0.75,0.75,1.00,1.00
evidential_oracle_p1_causal,results/oracle/oracle_p1_causal.log,evidential,Qwen/Qwen2.5-3B-Instruct,40,100.00,1.00,0.00,2.0,,1.000,+0.00,1.00,1.00,1.00,1.00
evidential_oracle_p1_causal,results/oracle/oracle_p1_causal.log,evidential,Qwen/Qwen2.5-3B-Instruct,60,100.00,1.00,0.00,2.0,,1.000,+0.00,1.00,1.00,1.00,1.00
evidential_oracle_p1_causal,results/oracle/oracle_p1_causal.log,evidential,Qwen/Qwen2.5-3B-Instruct,80,100.00,1.00,0.00,2.0,,1.000,+0.00,1.00,1.00,1.00,1.00
evidential_oracle_p1_causal,results/oracle/oracle_p1_causal.log,evidential,Qwen/Qwen2.5-3B-Instruct,100,100.00,1.00,0.00,2.0,,1.000,+0.00,1.00,1.00,1.00,1.00
evidential_oracle_p1_causal,results/oracle/oracle_p1_causal.log,evidential,Qwen/Qwen2.5-3B-Instruct,120,100.00,1.00,0.00,2.0,,1.000,+0.00,1.00,1.00,1.00,1.00
evidential_oracle_p1_causal,results/oracle/oracle_p1_causal.log,evidential,Qwen/Qwen2.5-3B-Instruct,140,100.00,1.00,0.00,2.0,,1.000,+0.00,1.00,1.00,1.00,1.00
evidential_oracle_p1_causal,results/oracle/oracle_p1_causal.log,evidential,Qwen/Qwen2.5-3B-Instruct,150,,,,,,1.000,+0.00,1.00,1.00,1.00,1.00
evidential_oracle_klctl_kl00,results/oracle/run_oracle_klctl_kl00.log,evidential,Qwen/Qwen2.5-3B-Instruct,0,,,,,,0.000,+0.00,0.00,0.00,1.00,1.00
evidential_oracle_klctl_kl00,results/oracle/run_oracle_klctl_kl00.log,evidential,Qwen/Qwen2.5-3B-Instruct,1,60.00,0.00,0.00,2.0,,,,,,,
evidential_oracle_klctl_kl00,results/oracle/run_oracle_klctl_kl00.log,evidential,Qwen/Qwen2.5-3B-Instruct,20,60.00,0.00,0.00,2.0,,0.000,+0.00,0.00,0.00,1.00,1.00
evidential_oracle_klctl_kl00,results/oracle/run_oracle_klctl_kl00.log,evidential,Qwen/Qwen2.5-3B-Instruct,40,60.00,0.00,0.00,2.0,,0.000,+0.00,0.00,0.00,1.00,1.00
evidential_oracle_klctl_kl00,results/oracle/run_oracle_klctl_kl00.log,evidential,Qwen/Qwen2.5-3B-Instruct,60,60.00,0.00,0.00,2.0,,0.000,+0.00,0.00,0.00,1.00,1.00
evidential_oracle_klctl_kl00,results/oracle/run_oracle_klctl_kl00.log,evidential,Qwen/Qwen2.5-3B-Instruct,80,60.00,0.00,0.00,2.0,,0.000,+0.00,0.00,0.00,1.00,1.00
evidential_oracle_klctl_kl00,results/oracle/run_oracle_klctl_kl00.log,evidential,Qwen/Qwen2.5-3B-Instruct,100,60.00,0.00,0.00,2.0,,0.000,+0.00,0.00,0.00,1.00,1.00
evidential_oracle_klctl_kl00,results/oracle/run_oracle_klctl_kl00.log,evidential,Qwen/Qwen2.5-3B-Instruct,120,60.00,0.00,0.00,2.0,,0.000,+0.00,0.00,0.00,1.00,1.00
evidential_oracle_klctl_kl00,results/oracle/run_oracle_klctl_kl00.log,evidential,Qwen/Qwen2.5-3B-Instruct,140,60.00,0.00,0.00,2.0,,0.000,+0.00,0.00,0.00,1.00,1.00
evidential_oracle_klctl_kl00,results/oracle/run_oracle_klctl_kl00.log,evidential,Qwen/Qwen2.5-3B-Instruct,150,,,,,,0.000,+0.00,0.00,0.00,1.00,1.00
evidential_oracle_klctl_kl002,results/oracle/run_oracle_klctl_kl002.log,evidential,Qwen/Qwen2.5-3B-Instruct,0,,,,,,0.000,+0.00,0.00,0.00,1.00,1.00
evidential_oracle_klctl_kl002,results/oracle/run_oracle_klctl_kl002.log,evidential,Qwen/Qwen2.5-3B-Instruct,1,60.00,0.00,0.00,2.0,,,,,,,
evidential_oracle_klctl_kl002,results/oracle/run_oracle_klctl_kl002.log,evidential,Qwen/Qwen2.5-3B-Instruct,20,91.25,0.83,0.03,5.0,,0.950,+0.00,0.95,0.95,1.00,1.00
evidential_oracle_klctl_kl002,results/oracle/run_oracle_klctl_kl002.log,evidential,Qwen/Qwen2.5-3B-Instruct,40,100.00,1.00,0.00,2.0,,1.000,+0.00,1.00,1.00,1.00,1.00
evidential_oracle_klctl_kl002,results/oracle/run_oracle_klctl_kl002.log,evidential,Qwen/Qwen2.5-3B-Instruct,60,100.00,1.00,0.00,2.0,,1.000,+0.00,1.00,1.00,1.00,1.00
evidential_oracle_klctl_kl002,results/oracle/run_oracle_klctl_kl002.log,evidential,Qwen/Qwen2.5-3B-Instruct,80,100.00,1.00,0.00,2.0,,1.000,+0.00,1.00,1.00,1.00,1.00
evidential_oracle_klctl_kl002,results/oracle/run_oracle_klctl_kl002.log,evidential,Qwen/Qwen2.5-3B-Instruct,100,100.00,1.00,0.00,2.0,,1.000,+0.00,1.00,1.00,1.00,1.00
evidential_oracle_klctl_kl002,results/oracle/run_oracle_klctl_kl002.log,evidential,Qwen/Qwen2.5-3B-Instruct,120,100.00,1.00,0.00,2.0,,1.000,+0.00,1.00,1.00,1.00,1.00
evidential_oracle_klctl_kl002,results/oracle/run_oracle_klctl_kl002.log,evidential,Qwen/Qwen2.5-3B-Instruct,140,100.00,1.00,0.00,2.0,,1.000,+0.00,1.00,1.00,1.00,1.00
evidential_oracle_klctl_kl002,results/oracle/run_oracle_klctl_kl002.log,evidential,Qwen/Qwen2.5-3B-Instruct,150,,,,,,1.000,+0.00,1.00,1.00,1.00,1.00
evidential_modelpred_r1_calib,results/r1_calib.log,evidential_modelpred,deepseek-ai/DeepSeek-R1-Distill-Llama-8B,0,,,,,,0.625,+0.25,0.50,0.75,0.50,0.99
evidential_modelpred_r1_calib,results/r1_calib.log,evidential_modelpred,deepseek-ai/DeepSeek-R1-Distill-Llama-8B,1,99.75,1.00,0.00,2007.6,0.998,,,,,,
evidential_modelpred_r1_calib,results/r1_calib.log,evidential_modelpred,deepseek-ai/DeepSeek-R1-Distill-Llama-8B,10,103.86,0.50,0.00,2008.2,0.731,0.375,+1.00,0.00,1.00,0.50,0.99
evidential_modelpred_r1_calib,results/r1_calib.log,evidential_modelpred,deepseek-ai/DeepSeek-R1-Distill-Llama-8B,20,134.95,0.31,0.00,2048.0,0.251,0.375,+0.50,0.00,0.50,0.50,0.99
evidential_modelpred_r1_calib,results/r1_calib.log,evidential_modelpred,deepseek-ai/DeepSeek-R1-Distill-Llama-8B,30,146.33,0.00,0.06,1748.6,0.040,0.312,+0.75,0.00,0.75,0.50,0.99
evidential_r1_lag,results/r1_lag.log,evidential,deepseek-ai/DeepSeek-R1-Distill-Llama-8B,0,,,,,,0.812,+0.50,0.50,1.00,0.50,0.99
evidential_r1_lag,results/r1_lag.log,evidential,deepseek-ai/DeepSeek-R1-Distill-Llama-8B,1,91.67,1.00,0.00,1851.5,0.917,,,,,,
evidential_r1_lag,results/r1_lag.log,evidential,deepseek-ai/DeepSeek-R1-Distill-Llama-8B,10,65.00,0.75,0.00,2372.2,0.750,0.638,+0.45,0.43,0.88,0.50,0.99
evidential_r1_lag,results/r1_lag.log,evidential,deepseek-ai/DeepSeek-R1-Distill-Llama-8B,20,98.33,0.17,0.17,2560.0,0.333,0.646,+0.50,0.50,1.00,0.50,0.99
evidential_r1_lag,results/r1_lag.log,evidential,deepseek-ai/DeepSeek-R1-Distill-Llama-8B,30,96.67,0.50,0.00,2554.8,0.500,0.464,+0.00,0.43,0.43,0.50,0.99
evidential_r1_lag,results/r1_lag.log,evidential,deepseek-ai/DeepSeek-R1-Distill-Llama-8B,40,110.28,0.08,0.17,2521.6,0.194,0.424,+0.45,0.12,0.57,0.50,0.99
evidential_r1_lag0,results/r1_lag0.log,evidential,deepseek-ai/DeepSeek-R1-Distill-Llama-8B,0,,,,,,0.812,+0.50,0.50,1.00,0.50,0.99
evidential_r1_lag0,results/r1_lag0.log,evidential,deepseek-ai/DeepSeek-R1-Distill-Llama-8B,1,91.67,1.00,0.00,1851.5,0.917,,,,,,
evidential_r1_lag0,results/r1_lag0.log,evidential,deepseek-ai/DeepSeek-R1-Distill-Llama-8B,10,85.83,0.75,0.00,2465.1,0.750,0.504,+0.36,0.14,0.50,0.50,0.99
evidential_r1_lag0,results/r1_lag0.log,evidential,deepseek-ai/DeepSeek-R1-Distill-Llama-8B,20,138.33,0.00,0.08,2482.8,0.111,0.446,+0.34,0.29,0.62,0.50,0.99
evidential_r1_lag0,results/r1_lag0.log,evidential,deepseek-ai/DeepSeek-R1-Distill-Llama-8B,30,151.67,0.00,0.00,2415.0,0.083,0.062,-0.12,0.12,0.00,0.50,0.99
evidential_r1_lag0,results/r1_lag0.log,evidential,deepseek-ai/DeepSeek-R1-Distill-Llama-8B,40,133.33,0.17,0.00,2497.3,0.000,0.062,+0.12,0.00,0.12,0.50,0.99
r1_lag0_3072_smoke,results/r1_lag0_3072_smoke.log,evidential,deepseek-ai/DeepSeek-R1-Distill-Llama-8B,0,,,,,,0.938,+0.25,0.75,1.00,0.50,0.99
r1_lag_smoke,results/r1_lag_smoke.log,evidential,deepseek-ai/DeepSeek-R1-Distill-Llama-8B,0,,,,,,0.875,+0.25,0.75,1.00,0.50,0.99
r1_lag_smoke,results/r1_lag_smoke.log,evidential,deepseek-ai/DeepSeek-R1-Distill-Llama-8B,1,91.67,1.00,0.00,1851.5,0.917,,,,,,
r1_lag_smoke,results/r1_lag_smoke.log,evidential,deepseek-ai/DeepSeek-R1-Distill-Llama-8B,2,85.00,0.83,0.00,2382.8,0.833,0.771,+0.67,0.33,1.00,0.50,0.99
evidential_r1_loo,results/r1_loo.log,evidential,deepseek-ai/DeepSeek-R1-Distill-Llama-8B,0,,,,,,0.875,+0.25,0.75,1.00,0.50,0.99
evidential_r1_loo,results/r1_loo.log,evidential,deepseek-ai/DeepSeek-R1-Distill-Llama-8B,1,100.00,1.00,0.00,1851.5,1.000,,,,,,
evidential_r1_loo,results/r1_loo.log,evidential,deepseek-ai/DeepSeek-R1-Distill-Llama-8B,10,88.33,0.92,0.00,2217.8,0.917,0.812,+0.50,0.50,1.00,0.50,0.99
evidential_r1_loo,results/r1_loo.log,evidential,deepseek-ai/DeepSeek-R1-Distill-Llama-8B,20,84.44,0.33,0.00,1689.1,0.333,0.625,+1.00,0.00,1.00,0.50,0.99
evidential_r1_loo,results/r1_loo.log,evidential,deepseek-ai/DeepSeek-R1-Distill-Llama-8B,30,74.44,0.50,0.00,2269.2,0.500,0.625,+0.50,0.25,0.75,0.50,0.99
r1_loo_smoke,results/r1_loo_smoke.log,evidential,deepseek-ai/DeepSeek-R1-Distill-Llama-8B,0,,,,,,0.500,+1.00,0.00,1.00,0.50,0.99
r1_loo_smoke,results/r1_loo_smoke.log,evidential,deepseek-ai/DeepSeek-R1-Distill-Llama-8B,1,100.00,1.00,0.00,1851.5,1.000,,,,,,
r1_loo_smoke,results/r1_loo_smoke.log,evidential,deepseek-ai/DeepSeek-R1-Distill-Llama-8B,2,88.33,0.92,0.00,2220.2,0.917,,,,,,
r1_smoke,results/r1_smoke.log,evidential_modelpred,deepseek-ai/DeepSeek-R1-Distill-Llama-8B,0,,,,,,0.750,+0.50,0.50,1.00,0.50,0.99
evidential_modelpred_r1_smoke2,results/r1_smoke2.log,evidential_modelpred,deepseek-ai/DeepSeek-R1-Distill-Llama-8B,1,99.51,1.00,0.00,1855.8,0.995,,,,,,
evidential_modelpred_r1_smoke2,results/r1_smoke2.log,evidential_modelpred,deepseek-ai/DeepSeek-R1-Distill-Llama-8B,2,90.00,0.75,0.00,2048.0,1.000,0.500,+1.00,0.00,1.00,0.50,0.99
evidential_cot,results/rl_cot.log,evidential,Qwen/Qwen2.5-3B-Instruct,0,,,,,,0.440,+0.50,0.00,0.50,0.50,0.99
evidential_cot,results/rl_cot.log,evidential,Qwen/Qwen2.5-3B-Instruct,1,43.20,0.16,0.48,128.0,,,,,,,
evidential_cot,results/rl_cot.log,evidential,Qwen/Qwen2.5-3B-Instruct,20,82.60,0.64,0.00,128.0,,0.400,-0.20,0.40,0.20,0.50,0.99
evidential_cot,results/rl_cot.log,evidential,Qwen/Qwen2.5-3B-Instruct,40,76.00,0.80,0.00,127.7,,0.650,+0.10,0.70,0.80,0.50,0.99
evidential_cot,results/rl_cot.log,evidential,Qwen/Qwen2.5-3B-Instruct,60,64.60,0.40,0.00,128.0,,0.662,+0.10,0.70,0.80,0.50,0.99
evidential,results/rl_run.log,evidential,Qwen/Qwen2.5-3B-Instruct,0,,,,,,0.856,+0.05,0.85,0.90,0.50,0.99
evidential,results/rl_run.log,evidential,Qwen/Qwen2.5-3B-Instruct,1,79.38,0.52,0.00,2.0,,,,,,,
evidential,results/rl_run.log,evidential,Qwen/Qwen2.5-3B-Instruct,50,84.00,0.12,0.00,2.0,,0.037,+0.00,0.05,0.05,0.50,0.99
evidential,results/rl_run.log,evidential,Qwen/Qwen2.5-3B-Instruct,100,72.38,0.88,0.00,2.0,,0.481,-0.15,0.65,0.50,0.50,0.99
evidential,results/rl_run.log,evidential,Qwen/Qwen2.5-3B-Instruct,150,85.00,0.12,0.00,2.0,,0.531,-0.10,0.65,0.55,0.50,0.99
evidential_cot_kl002,results/run_cot_kl002.log,evidential,Qwen/Qwen2.5-3B-Instruct,0,,,,,,0.703,+0.00,0.75,0.75,0.50,0.99
evidential_cot_kl002,results/run_cot_kl002.log,evidential,Qwen/Qwen2.5-3B-Instruct,1,70.80,0.52,0.08,128.0,,,,,,,
evidential_cot_kl002,results/run_cot_kl002.log,evidential,Qwen/Qwen2.5-3B-Instruct,20,79.00,0.60,0.04,128.0,,0.688,+0.00,0.88,0.88,0.50,0.99
evidential_cot_kl002,results/run_cot_kl002.log,evidential,Qwen/Qwen2.5-3B-Instruct,40,88.00,0.36,0.00,128.0,,0.609,+0.25,0.50,0.75,0.50,0.99
evidential_cot_kl002,results/run_cot_kl002.log,evidential,Qwen/Qwen2.5-3B-Instruct,60,75.88,0.64,0.00,128.0,,0.578,+0.12,0.75,0.88,0.50,0.99
evidential_cot_kl005,results/run_cot_kl005.log,evidential,Qwen/Qwen2.5-3B-Instruct,0,,,,,,0.703,+0.00,0.75,0.75,0.50,0.99
evidential_cot_kl005,results/run_cot_kl005.log,evidential,Qwen/Qwen2.5-3B-Instruct,1,70.80,0.52,0.08,128.0,,,,,,,
evidential_cot_kl005,results/run_cot_kl005.log,evidential,Qwen/Qwen2.5-3B-Instruct,20,77.00,0.84,0.00,128.0,,0.812,+0.00,0.88,0.88,0.50,0.99
evidential_cot_kl005,results/run_cot_kl005.log,evidential,Qwen/Qwen2.5-3B-Instruct,40,80.00,0.44,0.00,128.0,,0.688,-0.12,0.75,0.62,0.50,0.99
evidential_cot_kl005,results/run_cot_kl005.log,evidential,Qwen/Qwen2.5-3B-Instruct,60,80.12,0.32,0.00,128.0,,0.540,+0.00,0.50,0.50,0.50,0.99
evidential_cot_kl01,results/run_cot_kl01.log,evidential,Qwen/Qwen2.5-3B-Instruct,0,,,,,,0.703,+0.00,0.75,0.75,0.50,0.99
evidential_cot_kl01,results/run_cot_kl01.log,evidential,Qwen/Qwen2.5-3B-Instruct,1,70.80,0.52,0.08,128.0,,,,,,,
evidential_cot_kl01,results/run_cot_kl01.log,evidential,Qwen/Qwen2.5-3B-Instruct,20,83.48,0.60,0.00,128.0,,0.540,-0.12,0.50,0.38,0.50,0.99
evidential_cot_kl01,results/run_cot_kl01.log,evidential,Qwen/Qwen2.5-3B-Instruct,40,79.20,0.44,0.00,128.0,,0.594,+0.00,0.75,0.75,0.50,0.99
evidential_cot_kl01,results/run_cot_kl01.log,evidential,Qwen/Qwen2.5-3B-Instruct,60,73.32,0.16,0.00,128.0,,0.453,+0.12,0.50,0.62,0.50,0.99
evidential_modelpred_hyst_onebox_seedref,results/run_hyst_onebox_seedref.log,evidential_modelpred,Qwen/Qwen2.5-3B-Instruct,0,,,,,,1.000,+0.00,1.00,1.00,0.80,0.80
evidential_modelpred_hyst_onebox_seedref,results/run_hyst_onebox_seedref.log,evidential_modelpred,Qwen/Qwen2.5-3B-Instruct,1,100.00,1.00,0.00,2.0,1.000,,,,,,
evidential_modelpred_hyst_onebox_seedref,results/run_hyst_onebox_seedref.log,evidential_modelpred,Qwen/Qwen2.5-3B-Instruct,15,100.00,1.00,0.00,2.0,1.000,1.000,+0.00,1.00,1.00,0.80,0.80
evidential_modelpred_hyst_onebox_seedref,results/run_hyst_onebox_seedref.log,evidential_modelpred,Qwen/Qwen2.5-3B-Instruct,30,100.00,1.00,0.00,2.0,1.000,1.000,+0.00,1.00,1.00,0.80,0.80
evidential_modelpred_hyst_onebox_seedref,results/run_hyst_onebox_seedref.log,evidential_modelpred,Qwen/Qwen2.5-3B-Instruct,45,100.00,1.00,0.00,2.0,1.000,1.000,+0.00,1.00,1.00,0.80,0.80
evidential_modelpred_hyst_onebox_seedref,results/run_hyst_onebox_seedref.log,evidential_modelpred,Qwen/Qwen2.5-3B-Instruct,60,100.00,1.00,0.00,2.0,1.000,1.000,+0.00,1.00,1.00,0.80,0.80
evidential_modelpred_hyst_onebox_seedref,results/run_hyst_onebox_seedref.log,evidential_modelpred,Qwen/Qwen2.5-3B-Instruct,75,100.00,1.00,0.00,2.0,1.000,1.000,+0.00,1.00,1.00,0.80,0.80
evidential_modelpred_hyst_onebox_seedref,results/run_hyst_onebox_seedref.log,evidential_modelpred,Qwen/Qwen2.5-3B-Instruct,90,100.00,1.00,0.00,2.0,1.000,1.000,+0.00,1.00,1.00,0.80,0.80
evidential_modelpred_hyst_onebox_seedref,results/run_hyst_onebox_seedref.log,evidential_modelpred,Qwen/Qwen2.5-3B-Instruct,105,100.00,1.00,0.00,2.0,1.000,1.000,+0.00,1.00,1.00,0.80,0.80
evidential_modelpred_hyst_onebox_seedref,results/run_hyst_onebox_seedref.log,evidential_modelpred,Qwen/Qwen2.5-3B-Instruct,120,100.00,1.00,0.00,2.0,1.000,1.000,+0.00,1.00,1.00,0.80,0.80
evidential_modelpred_hyst_onebox_seedref,results/run_hyst_onebox_seedref.log,evidential_modelpred,Qwen/Qwen2.5-3B-Instruct,135,100.00,1.00,0.00,2.0,1.000,1.000,+0.00,1.00,1.00,0.80,0.80
evidential_modelpred_hyst_onebox_seedref,results/run_hyst_onebox_seedref.log,evidential_modelpred,Qwen/Qwen2.5-3B-Instruct,150,100.00,1.00,0.00,2.0,1.000,1.000,+0.00,1.00,1.00,0.80,0.80
evidential_modelpred,results/run_modelpred_3b.log,evidential_modelpred,Qwen/Qwen2.5-3B-Instruct,0,,,,,,0.856,+0.05,0.85,0.90,0.50,0.99
evidential_modelpred,results/run_modelpred_3b.log,evidential_modelpred,Qwen/Qwen2.5-3B-Instruct,1,112.15,0.52,0.00,2.0,0.516,,,,,,
evidential_modelpred,results/run_modelpred_3b.log,evidential_modelpred,Qwen/Qwen2.5-3B-Instruct,25,48.29,0.98,0.00,2.0,0.459,0.806,+0.20,0.70,0.90,0.50,0.99
evidential_modelpred,results/run_modelpred_3b.log,evidential_modelpred,Qwen/Qwen2.5-3B-Instruct,50,93.29,0.50,0.00,2.0,0.864,0.550,-0.25,0.75,0.50,0.50,0.99
evidential_modelpred,results/run_modelpred_3b.log,evidential_modelpred,Qwen/Qwen2.5-3B-Instruct,75,80.84,0.62,0.00,2.0,0.957,0.531,-0.20,0.70,0.50,0.50,0.99
evidential_modelpred,results/run_modelpred_3b.log,evidential_modelpred,Qwen/Qwen2.5-3B-Instruct,100,96.43,0.75,0.00,2.0,0.826,0.556,-0.05,0.65,0.60,0.50,0.99
evidential_modelpred,results/run_modelpred_3b.log,evidential_modelpred,Qwen/Qwen2.5-3B-Instruct,125,101.15,0.88,0.00,2.0,0.835,0.750,-0.05,0.80,0.75,0.50,0.99
evidential_modelpred,results/run_modelpred_3b.log,evidential_modelpred,Qwen/Qwen2.5-3B-Instruct,150,110.24,0.25,0.00,2.0,0.593,0.719,+0.05,0.75,0.80,0.50,0.99
evidential_paired_cot,results/run_paired_cot.log,evidential,Qwen/Qwen2.5-3B-Instruct,0,,,,,,0.710,+0.07,0.67,0.73,0.50,0.99
evidential_paired_cot,results/run_paired_cot.log,evidential,Qwen/Qwen2.5-3B-Instruct,1,79.17,0.73,0.03,128.0,,,,,,,
evidential_paired_cot,results/run_paired_cot.log,evidential,Qwen/Qwen2.5-3B-Instruct,20,78.50,0.80,0.00,128.0,,0.692,+0.00,0.73,0.73,0.50,0.99
evidential_paired_cot,results/run_paired_cot.log,evidential,Qwen/Qwen2.5-3B-Instruct,40,83.50,0.73,0.00,128.0,,0.797,-0.07,0.87,0.80,0.50,0.99
evidential_paired_cot,results/run_paired_cot.log,evidential,Qwen/Qwen2.5-3B-Instruct,60,70.63,0.70,0.07,128.0,,0.575,+0.17,0.50,0.67,0.50,0.99
evidential_modelpred_r1_kl0,results/run_r1_kl0.log,evidential_modelpred,deepseek-ai/DeepSeek-R1-Distill-Llama-8B,0,,,,,,0.625,+0.25,0.50,0.75,0.50,0.99
evidential_modelpred_r1_kl0,results/run_r1_kl0.log,evidential_modelpred,deepseek-ai/DeepSeek-R1-Distill-Llama-8B,1,99.75,1.00,0.00,2007.6,0.998,,,,,,
evidential_modelpred_r1_kl0,results/run_r1_kl0.log,evidential_modelpred,deepseek-ai/DeepSeek-R1-Distill-Llama-8B,10,67.50,0.44,0.06,1868.1,0.500,0.625,+0.50,0.50,1.00,0.50,0.99
evidential_modelpred_r1_kl0,results/run_r1_kl0.log,evidential_modelpred,deepseek-ai/DeepSeek-R1-Distill-Llama-8B,20,80.78,0.50,0.00,1679.8,0.617,0.500,+0.75,0.25,1.00,0.50,0.99
evidential_modelpred_r1_kl0,results/run_r1_kl0.log,evidential_modelpred,deepseek-ai/DeepSeek-R1-Distill-Llama-8B,30,122.60,0.19,0.00,1812.3,0.074,0.500,+0.25,0.25,0.50,0.50,0.99
evidential_modelpred_r1_seed1,results/run_r1_seed1.log,evidential_modelpred,deepseek-ai/DeepSeek-R1-Distill-Llama-8B,0,,,,,,0.625,+0.25,0.50,0.75,0.50,0.99
evidential_modelpred_r1_seed1,results/run_r1_seed1.log,evidential_modelpred,deepseek-ai/DeepSeek-R1-Distill-Llama-8B,1,73.69,0.62,0.00,1858.7,0.687,,,,,,
evidential_modelpred_r1_seed1,results/run_r1_seed1.log,evidential_modelpred,deepseek-ai/DeepSeek-R1-Distill-Llama-8B,10,84.02,0.75,0.06,2044.8,0.603,0.938,+0.00,1.00,1.00,0.50,0.99
evidential_modelpred_r1_seed1,results/run_r1_seed1.log,evidential_modelpred,deepseek-ai/DeepSeek-R1-Distill-Llama-8B,20,100.74,0.50,0.06,2048.0,0.579,0.875,+0.25,0.75,1.00,0.50,0.99
evidential_modelpred_r1_seed1,results/run_r1_seed1.log,evidential_modelpred,deepseek-ai/DeepSeek-R1-Distill-Llama-8B,30,84.30,0.62,0.00,2048.0,0.670,0.938,+0.00,1.00,1.00,0.50,0.99
evidential_modelpred_hyst_base_baseref,results/selfsnapshot/hyst_base_baseref.log,evidential_modelpred,Qwen/Qwen2.5-3B-Instruct,0,,,,,,0.800,+0.00,0.80,0.80,0.80,0.80
evidential_modelpred_hyst_base_baseref,results/selfsnapshot/hyst_base_baseref.log,evidential_modelpred,Qwen/Qwen2.5-3B-Instruct,1,110.08,0.69,0.00,2.0,0.693,,,,,,
evidential_modelpred_hyst_base_baseref,results/selfsnapshot/hyst_base_baseref.log,evidential_modelpred,Qwen/Qwen2.5-3B-Instruct,15,137.50,0.38,0.00,2.0,0.375,0.400,+0.00,0.40,0.40,0.80,0.80
evidential_modelpred_hyst_base_baseref,results/selfsnapshot/hyst_base_baseref.log,evidential_modelpred,Qwen/Qwen2.5-3B-Instruct,30,130.00,0.50,0.00,2.0,0.500,0.350,+0.00,0.35,0.35,0.80,0.80
evidential_modelpred_hyst_base_baseref,results/selfsnapshot/hyst_base_baseref.log,evidential_modelpred,Qwen/Qwen2.5-3B-Instruct,45,129.71,0.50,0.00,2.0,0.497,0.500,+0.00,0.50,0.50,0.80,0.80
evidential_modelpred_hyst_base_baseref,results/selfsnapshot/hyst_base_baseref.log,evidential_modelpred,Qwen/Qwen2.5-3B-Instruct,60,122.50,0.62,0.00,2.0,0.625,0.500,+0.00,0.50,0.50,0.80,0.80
evidential_modelpred_hyst_base_baseref,results/selfsnapshot/hyst_base_baseref.log,evidential_modelpred,Qwen/Qwen2.5-3B-Instruct,75,115.00,0.75,0.00,2.0,0.750,0.500,+0.00,0.50,0.50,0.80,0.80
evidential_modelpred_hyst_base_baseref,results/selfsnapshot/hyst_base_baseref.log,evidential_modelpred,Qwen/Qwen2.5-3B-Instruct,90,145.00,0.25,0.00,2.0,0.250,0.500,+0.00,0.50,0.50,0.80,0.80
evidential_modelpred_hyst_base_baseref,results/selfsnapshot/hyst_base_baseref.log,evidential_modelpred,Qwen/Qwen2.5-3B-Instruct,105,130.00,0.50,0.00,2.0,0.500,0.500,+0.00,0.50,0.50,0.80,0.80
evidential_modelpred_hyst_base_baseref,results/selfsnapshot/hyst_base_baseref.log,evidential_modelpred,Qwen/Qwen2.5-3B-Instruct,120,107.50,0.88,0.00,2.0,0.875,0.500,+0.00,0.50,0.50,0.80,0.80
evidential_modelpred_hyst_base_baseref,results/selfsnapshot/hyst_base_baseref.log,evidential_modelpred,Qwen/Qwen2.5-3B-Instruct,135,115.00,0.75,0.00,2.0,0.750,0.500,+0.00,0.50,0.50,0.80,0.80
evidential_modelpred_hyst_base_baseref,results/selfsnapshot/hyst_base_baseref.log,evidential_modelpred,Qwen/Qwen2.5-3B-Instruct,150,145.00,0.25,0.00,2.0,0.250,0.500,+0.00,0.50,0.50,0.80,0.80
evidential_modelpred_hyst_base_seedref,results/selfsnapshot/hyst_base_seedref.log,evidential_modelpred,Qwen/Qwen2.5-3B-Instruct,0,,,,,,0.800,+0.00,0.80,0.80,0.80,0.80
evidential_modelpred_hyst_base_seedref,results/selfsnapshot/hyst_base_seedref.log,evidential_modelpred,Qwen/Qwen2.5-3B-Instruct,1,110.08,0.69,0.00,2.0,0.693,,,,,,
evidential_modelpred_hyst_base_seedref,results/selfsnapshot/hyst_base_seedref.log,evidential_modelpred,Qwen/Qwen2.5-3B-Instruct,15,137.50,0.38,0.00,2.0,0.375,0.400,+0.00,0.40,0.40,0.80,0.80
evidential_modelpred_hyst_base_seedref,results/selfsnapshot/hyst_base_seedref.log,evidential_modelpred,Qwen/Qwen2.5-3B-Instruct,30,130.00,0.50,0.00,2.0,0.500,0.350,+0.00,0.35,0.35,0.80,0.80
evidential_modelpred_hyst_base_seedref,results/selfsnapshot/hyst_base_seedref.log,evidential_modelpred,Qwen/Qwen2.5-3B-Instruct,45,129.71,0.50,0.00,2.0,0.497,0.500,+0.00,0.50,0.50,0.80,0.80
evidential_modelpred_hyst_base_seedref,results/selfsnapshot/hyst_base_seedref.log,evidential_modelpred,Qwen/Qwen2.5-3B-Instruct,60,122.50,0.62,0.00,2.0,0.625,0.500,+0.00,0.50,0.50,0.80,0.80
evidential_modelpred_hyst_base_seedref,results/selfsnapshot/hyst_base_seedref.log,evidential_modelpred,Qwen/Qwen2.5-3B-Instruct,75,115.00,0.75,0.00,2.0,0.750,0.500,+0.00,0.50,0.50,0.80,0.80
evidential_modelpred_hyst_base_seedref,results/selfsnapshot/hyst_base_seedref.log,evidential_modelpred,Qwen/Qwen2.5-3B-Instruct,90,145.00,0.25,0.00,2.0,0.250,0.500,+0.00,0.50,0.50,0.80,0.80
evidential_modelpred_hyst_base_seedref,results/selfsnapshot/hyst_base_seedref.log,evidential_modelpred,Qwen/Qwen2.5-3B-Instruct,105,130.00,0.50,0.00,2.0,0.500,0.500,+0.00,0.50,0.50,0.80,0.80
evidential_modelpred_hyst_base_seedref,results/selfsnapshot/hyst_base_seedref.log,evidential_modelpred,Qwen/Qwen2.5-3B-Instruct,120,107.50,0.88,0.00,2.0,0.875,0.500,+0.00,0.50,0.50,0.80,0.80
evidential_modelpred_hyst_base_seedref,results/selfsnapshot/hyst_base_seedref.log,evidential_modelpred,Qwen/Qwen2.5-3B-Instruct,135,115.00,0.75,0.00,2.0,0.750,0.500,+0.00,0.50,0.50,0.80,0.80
evidential_modelpred_hyst_base_seedref,results/selfsnapshot/hyst_base_seedref.log,evidential_modelpred,Qwen/Qwen2.5-3B-Instruct,150,145.00,0.25,0.00,2.0,0.250,0.500,+0.00,0.50,0.50,0.80,0.80
evidential_modelpred_hyst_causal_baseref,results/selfsnapshot/hyst_causal_baseref.log,evidential_modelpred,Qwen/Qwen2.5-3B-Instruct,0,,,,,,0.000,+0.00,0.00,0.00,0.80,0.80
evidential_modelpred_hyst_causal_baseref,results/selfsnapshot/hyst_causal_baseref.log,evidential_modelpred,Qwen/Qwen2.5-3B-Instruct,1,160.00,0.00,0.00,2.0,0.000,,,,,,
evidential_modelpred_hyst_causal_baseref,results/selfsnapshot/hyst_causal_baseref.log,evidential_modelpred,Qwen/Qwen2.5-3B-Instruct,15,159.90,0.00,0.00,2.0,0.001,0.000,+0.00,0.00,0.00,0.80,0.80
evidential_modelpred_hyst_causal_baseref,results/selfsnapshot/hyst_causal_baseref.log,evidential_modelpred,Qwen/Qwen2.5-3B-Instruct,30,159.99,0.00,0.00,2.0,0.000,0.000,+0.00,0.00,0.00,0.80,0.80
evidential_modelpred_hyst_causal_baseref,results/selfsnapshot/hyst_causal_baseref.log,evidential_modelpred,Qwen/Qwen2.5-3B-Instruct,45,160.00,0.00,0.00,2.0,0.000,0.000,+0.00,0.00,0.00,0.80,0.80
evidential_modelpred_hyst_causal_baseref,results/selfsnapshot/hyst_causal_baseref.log,evidential_modelpred,Qwen/Qwen2.5-3B-Instruct,60,160.00,0.00,0.00,2.0,0.000,0.000,+0.00,0.00,0.00,0.80,0.80
evidential_modelpred_hyst_causal_baseref,results/selfsnapshot/hyst_causal_baseref.log,evidential_modelpred,Qwen/Qwen2.5-3B-Instruct,75,160.00,0.00,0.00,2.0,0.000,0.000,+0.00,0.00,0.00,0.80,0.80
evidential_modelpred_hyst_causal_baseref,results/selfsnapshot/hyst_causal_baseref.log,evidential_modelpred,Qwen/Qwen2.5-3B-Instruct,90,160.00,0.00,0.00,2.0,0.000,0.000,+0.00,0.00,0.00,0.80,0.80
evidential_modelpred_hyst_causal_baseref,results/selfsnapshot/hyst_causal_baseref.log,evidential_modelpred,Qwen/Qwen2.5-3B-Instruct,105,160.00,0.00,0.00,2.0,0.000,0.000,+0.00,0.00,0.00,0.80,0.80
evidential_modelpred_hyst_causal_baseref,results/selfsnapshot/hyst_causal_baseref.log,evidential_modelpred,Qwen/Qwen2.5-3B-Instruct,120,160.00,0.00,0.00,2.0,0.000,0.000,+0.00,0.00,0.00,0.80,0.80
evidential_modelpred_hyst_causal_baseref,results/selfsnapshot/hyst_causal_baseref.log,evidential_modelpred,Qwen/Qwen2.5-3B-Instruct,135,160.00,0.00,0.00,2.0,0.000,0.000,+0.00,0.00,0.00,0.80,0.80
evidential_modelpred_hyst_causal_baseref,results/selfsnapshot/hyst_causal_baseref.log,evidential_modelpred,Qwen/Qwen2.5-3B-Instruct,150,160.00,0.00,0.00,2.0,0.000,0.000,+0.00,0.00,0.00,0.80,0.80
evidential_modelpred_hyst_causal_seedref,results/selfsnapshot/hyst_causal_seedref.log,evidential_modelpred,Qwen/Qwen2.5-3B-Instruct,0,,,,,,0.000,+0.00,0.00,0.00,0.80,0.80
evidential_modelpred_hyst_causal_seedref,results/selfsnapshot/hyst_causal_seedref.log,evidential_modelpred,Qwen/Qwen2.5-3B-Instruct,1,160.00,0.00,0.00,2.0,0.000,,,,,,
evidential_modelpred_hyst_causal_seedref,results/selfsnapshot/hyst_causal_seedref.log,evidential_modelpred,Qwen/Qwen2.5-3B-Instruct,15,160.00,0.00,0.00,2.0,0.000,0.000,+0.00,0.00,0.00,0.80,0.80
evidential_modelpred_hyst_causal_seedref,results/selfsnapshot/hyst_causal_seedref.log,evidential_modelpred,Qwen/Qwen2.5-3B-Instruct,30,160.00,0.00,0.00,2.0,0.000,0.000,+0.00,0.00,0.00,0.80,0.80
evidential_modelpred_hyst_causal_seedref,results/selfsnapshot/hyst_causal_seedref.log,evidential_modelpred,Qwen/Qwen2.5-3B-Instruct,45,160.00,0.00,0.00,2.0,0.000,0.000,+0.00,0.00,0.00,0.80,0.80
evidential_modelpred_hyst_causal_seedref,results/selfsnapshot/hyst_causal_seedref.log,evidential_modelpred,Qwen/Qwen2.5-3B-Instruct,60,160.00,0.00,0.00,2.0,0.000,0.000,+0.00,0.00,0.00,0.80,0.80
evidential_modelpred_hyst_causal_seedref,results/selfsnapshot/hyst_causal_seedref.log,evidential_modelpred,Qwen/Qwen2.5-3B-Instruct,75,160.00,0.00,0.00,2.0,0.000,0.000,+0.00,0.00,0.00,0.80,0.80
evidential_modelpred_hyst_causal_seedref,results/selfsnapshot/hyst_causal_seedref.log,evidential_modelpred,Qwen/Qwen2.5-3B-Instruct,90,160.00,0.00,0.00,2.0,0.000,0.000,+0.00,0.00,0.00,0.80,0.80
evidential_modelpred_hyst_causal_seedref,results/selfsnapshot/hyst_causal_seedref.log,evidential_modelpred,Qwen/Qwen2.5-3B-Instruct,105,160.00,0.00,0.00,2.0,0.000,0.000,+0.00,0.00,0.00,0.80,0.80
evidential_modelpred_hyst_causal_seedref,results/selfsnapshot/hyst_causal_seedref.log,evidential_modelpred,Qwen/Qwen2.5-3B-Instruct,120,160.00,0.00,0.00,2.0,0.000,0.000,+0.00,0.00,0.00,0.80,0.80
evidential_modelpred_hyst_causal_seedref,results/selfsnapshot/hyst_causal_seedref.log,evidential_modelpred,Qwen/Qwen2.5-3B-Instruct,135,160.00,0.00,0.00,2.0,0.000,0.000,+0.00,0.00,0.00,0.80,0.80
evidential_modelpred_hyst_causal_seedref,results/selfsnapshot/hyst_causal_seedref.log,evidential_modelpred,Qwen/Qwen2.5-3B-Instruct,150,160.00,0.00,0.00,2.0,0.000,0.000,+0.00,0.00,0.00,0.80,0.80
evidential_modelpred_hyst_causal_seedref_ema,results/selfsnapshot/hyst_causal_seedref_ema.log,evidential_modelpred,Qwen/Qwen2.5-3B-Instruct,0,,,,,,0.000,+0.00,0.00,0.00,0.80,0.80
evidential_modelpred_hyst_causal_seedref_ema,results/selfsnapshot/hyst_causal_seedref_ema.log,evidential_modelpred,Qwen/Qwen2.5-3B-Instruct,1,160.00,0.00,0.00,2.0,0.000,,,,,,
evidential_modelpred_hyst_causal_seedref_ema,results/selfsnapshot/hyst_causal_seedref_ema.log,evidential_modelpred,Qwen/Qwen2.5-3B-Instruct,15,160.00,0.00,0.00,2.0,0.000,0.000,+0.00,0.00,0.00,0.80,0.80
evidential_modelpred_hyst_causal_seedref_ema,results/selfsnapshot/hyst_causal_seedref_ema.log,evidential_modelpred,Qwen/Qwen2.5-3B-Instruct,30,160.00,0.00,0.00,2.0,0.000,0.000,+0.00,0.00,0.00,0.80,0.80
evidential_modelpred_hyst_causal_seedref_ema,results/selfsnapshot/hyst_causal_seedref_ema.log,evidential_modelpred,Qwen/Qwen2.5-3B-Instruct,45,160.00,0.00,0.00,2.0,0.000,0.000,+0.00,0.00,0.00,0.80,0.80
evidential_modelpred_hyst_causal_seedref_ema,results/selfsnapshot/hyst_causal_seedref_ema.log,evidential_modelpred,Qwen/Qwen2.5-3B-Instruct,60,160.00,0.00,0.00,2.0,0.000,0.000,+0.00,0.00,0.00,0.80,0.80
evidential_modelpred_hyst_causal_seedref_ema,results/selfsnapshot/hyst_causal_seedref_ema.log,evidential_modelpred,Qwen/Qwen2.5-3B-Instruct,75,160.00,0.00,0.00,2.0,0.000,0.000,+0.00,0.00,0.00,0.80,0.80
evidential_modelpred_hyst_causal_seedref_ema,results/selfsnapshot/hyst_causal_seedref_ema.log,evidential_modelpred,Qwen/Qwen2.5-3B-Instruct,90,160.00,0.00,0.00,2.0,0.000,0.000,+0.00,0.00,0.00,0.80,0.80
evidential_modelpred_hyst_causal_seedref_ema,results/selfsnapshot/hyst_causal_seedref_ema.log,evidential_modelpred,Qwen/Qwen2.5-3B-Instruct,105,160.00,0.00,0.00,2.0,0.000,0.000,+0.00,0.00,0.00,0.80,0.80
evidential_modelpred_hyst_causal_seedref_ema,results/selfsnapshot/hyst_causal_seedref_ema.log,evidential_modelpred,Qwen/Qwen2.5-3B-Instruct,120,160.00,0.00,0.00,2.0,0.000,0.000,+0.00,0.00,0.00,0.80,0.80
evidential_modelpred_hyst_causal_seedref_ema,results/selfsnapshot/hyst_causal_seedref_ema.log,evidential_modelpred,Qwen/Qwen2.5-3B-Instruct,135,160.00,0.00,0.00,2.0,0.000,0.000,+0.00,0.00,0.00,0.80,0.80
evidential_modelpred_hyst_causal_seedref_ema,results/selfsnapshot/hyst_causal_seedref_ema.log,evidential_modelpred,Qwen/Qwen2.5-3B-Instruct,150,160.00,0.00,0.00,2.0,0.000,0.000,+0.00,0.00,0.00,0.80,0.80
evidential_modelpred_smoke_seedref,results/selfsnapshot/smoke_seedref.log,evidential_modelpred,Qwen/Qwen2.5-0.5B-Instruct,0,,,,,,0.450,+0.00,0.45,0.45,0.80,0.80
evidential_modelpred_smoke_seedref,results/selfsnapshot/smoke_seedref.log,evidential_modelpred,Qwen/Qwen2.5-0.5B-Instruct,1,96.91,0.44,0.00,2.4,0.437,,,,,,
evidential_modelpred_smoke_seedref,results/selfsnapshot/smoke_seedref.log,evidential_modelpred,Qwen/Qwen2.5-0.5B-Instruct,8,124.08,0.50,0.00,3.0,0.557,0.500,+0.00,0.50,0.50,0.80,0.80
evidential_modelpred_smoke_seedref,results/selfsnapshot/smoke_seedref.log,evidential_modelpred,Qwen/Qwen2.5-0.5B-Instruct,16,144.99,0.25,0.00,2.0,0.250,0.500,+0.00,0.50,0.50,0.80,0.80
